Sample_ID,Season,Tidal_Cycle,Sample_Datetime,Time_local,Sample_Type,Ra223_dpm100L,Ra223_err,Ra224_dpm100L,Ra224_err,Ra226_dpm100L,Ra226_err,Ra228_dpmL,Ra228_err,Ra224_223,Ra228_226,Ra224_228,Ra224_226,Ra224_Si,Ra226_Si,Salinity,Depth_m,Temp_C,pH,ORP_mV,DO_sat,DO_mg_L,SpcCon _uS_cm,FlowRate_m3_s,NOx,PO4,NH3,Si_uM,fCO2_uatm,CH4_nM,DIC_umolL,DOC_umolL,TA_mmolkg
FLSP-081226-SW01,Summer 2026,spring,8/12/2026 7:30,7:30,SW,9.87841856,1.207570051,83.8738036,5.347866723,27.73242589,0.950536066,,,8.490610425,,,3.024394762,1.962419364,0.648863498,27.53,0.5586,30.9,7.412,,81.57,5.206,43055,,,,,42.74,,,,,1.95425
FLSP-081226-SW02,Summer 2026,spring,8/12/2026 8:30,8:30,SW,6.256778589,1.157559715,92.53535975,8.824185302,26.72210093,0.992618808,,,14.78961712,,,3.462877413,3.469208688,1.001828328,27.11,0.6025,31.51,7.694,,85.35,5.38,42486,,,,,26.67333333,,,,,1.977
FLSP-081226-SW03,Summer 2026,spring,8/12/2026 9:30,9:30,SW,6.082488574,1.174776124,87.0470032,7.755409036,27.97075964,0.936415756,,,14.31108372,,,3.112071475,1.512808537,0.48610983,27.56,0.6964,31.6,7.854,,89.57,5.675,43261,,,,,57.54,,,,,1.9615
FLSP-081226-SW04,Summer 2026,spring,8/12/2026 10:30,10:30,SW,4.573132705,1.166253961,81.73620721,7.518939201,25.00938501,0.91514831,,,17.87313259,,,3.268221397,1.270379347,0.388706637,27.2,0.784,32.61,7.8,,90.49,5.61,42531,,,,,64.34,,,,,2.148
FLSP-081226-SW05,Summer 2026,spring,8/12/2026 11:30,11:30,SW,6.725526084,1.024819744,79.99306493,6.961778224,25.27318095,0.922626849,,,11.8939491,,,3.165136398,1.305511886,0.412466233,27.83,0.8026,33.16,6.64,,93.86,5.736,43358,,,,,61.27333333,,,,,2.047
FLSP-081226-SW06,Summer 2026,spring,8/12/2026 12:30,12:30,SW,6.964776872,1.172841576,95.11748557,6.428535907,25.59411853,0.860746695,,,13.65693221,,,3.716380599,3.003077844,0.808065203,27.54,0.7461,34.05,7.7,,90.91,5.425,43145,,,,,31.67333333,,,,,1.947
FLSP-081226-SW07,Summer 2026,spring,8/12/2026 13:30,13:30,SW,5.551697545,1.24925757,116.2505395,7.639147321,30.73604582,1.100179512,,,20.93963847,,,3.7822217,2.1185252,0.560127187,27.94,0.6641,35.84,7.753,,95.9,5.95,43875,,,,,54.87333333,,,,,1.851
FLSP-081226-SW08,Summer 2026,spring,8/12/2026 14:30,14:30,SW,7.348540239,1.319433879,130.3235718,6.863056273,32.89904783,1.049414228,,,17.73462042,,,3.961317436,2.392428805,0.603947763,25.68,0.523,36.85,7.76,,106.6,6.287,40686,,,,,54.47333333,,,,,1.785
FLSP-081226-SW09,Summer 2026,spring,8/12/2026 15:30,15:30,SW,8.233854867,1.465064228,143.0988363,9.500247699,36.85549242,1.293075336,,,17.37932459,,,3.882700432,3.031326854,0.780726432,28.11,0.3414,36.93,7.719,,110.9,6.44,44091,,,,,47.20666667,,,,,1.8075
FLSP-081226-SW10,Summer 2026,spring,8/12/2026 16:30,16:30,SW,9.32649141,1.726392316,179.6765361,13.22260677,50.1824076,1.72679854,,,19.26518003,,,3.580468627,3.048465152,0.851415127,27.16,0.2728,37.22,7.408,,87.78,5.022,42475,,,,,58.94,,,,,1.891
FLSP-081226-SW11,Summer 2026,spring,8/12/2026 17:30,17:30,SW,9.289914889,1.960235314,214.5069062,13.10242739,62.99126929,1.994876149,,,23.09029833,,,3.405343449,2.676652187,0.786015339,26.73,0.2469,36.63,7.18,,62.05,3.387,42133,,,,,80.14,,,,,2.003
FLSP-081226-SW12,Summer 2026,spring,8/12/2026 18:30,18:30,SW,7.924875523,1.468865674,114.0746901,8.961044171,27.34637767,0.894803192,,,14.39450876,,,4.171473512,2.296497586,0.550524312,27.03,0.3291,33.83,7.65,,87.8,5.26,42452,,,,,49.67333333,,,,,1.9645
FLSP-082026-SW01,Summer 2026,neap,8/20/2026 7:30,7:30,SW,5.371524675,1.411233046,149.1220181,13.87844028,43.8936893,1.522542784,,,27.76158114,,,3.397345278,3.05954079,0.900568102,27.54,0.3829,28.94,6.95,66.2,32.15,2.225,42958,,,,,48.74,,,,,2.281
FLSP-082026-SW02,Summer 2026,neap,8/20/2026 8:30,8:30,SW,10.14509977,1.583951001,163.9008448,14.52104712,50.36678016,1.532997198,,,16.15566613,,,3.254145773,2.419557791,0.743530856,27.05,0.2925,29.38,6.99,68.1,41.42,2.844,42243,,,,,67.74,,,,,2.409
FLSP-082026-SW03,Summer 2026,neap,8/20/2026 9:30,9:30,SW,4.607352148,1.750898956,193.3852294,17.25628979,56.46744666,1.835244259,,,41.9731818,,,3.424720628,2.474855763,0.722644569,26.66,0.2321,31.33,6.968,64.4,64.17,4.103,41823,,,,,78.14,,,,,2.617
FLSP-082026-SW04,Summer 2026,neap,8/20/2026 10:30,10:30,SW,8.898096266,2.167639352,215.7291168,15.77041714,59.91112212,1.966851731,,,24.24441255,,,3.600819166,3.11717248,0.865684261,26.01,0.2095,33.69,7.03,79,44.56,2.75,41009,,,,,69.20666667,,,,,2.86
FLSP-082026-SW05,Summer 2026,neap,8/20/2026 11:30,11:30,SW,6.263039921,2.037731413,236.9517748,14.73914291,61.24509389,1.784896559,,,37.83334895,,,3.868910304,2.829612788,0.731372031,25.45,0.2371,35.34,6.95,-87.7,30.7,1.93,40282,,,,,83.74,,,,,2.8545
FLSP-082026-SW06,Summer 2026,neap,8/20/2026 12:30,12:30,SW,7.053818845,1.202722018,104.4951579,8.014151246,34.41819987,1.234637775,,,14.81398377,,,3.036043672,1.550219928,0.510605279,25.89,0.3212,34.96,7.55,49,83.99,5.12,41085,,,,,67.40666667,,,,,2.05
FLSP-082026-SW07,Summer 2026,neap,8/20/2026 13:30,13:30,SW,9.373174061,2.74901758,83.65264099,7.201706371,30.61008692,1.142173222,,,8.924686606,,,2.732845588,1.666166,0.609681721,27.02,0.418,35.15,7.77,66.1,96.72,5.77,42498,,,,,50.20666667,,,,,1.985
FLSP-082026-SW08,Summer 2026,neap,8/20/2026 14:30,14:30,SW,5.782315221,0.996969593,78.06332498,6.970206303,26.54199802,0.972512623,,,13.5003579,,,2.941124663,1.674939028,0.569489301,26.99,0.5029,34.73,7.75,87,90.66,5.41,42404,,,,,46.60666667,,,,,1.963
FLSP-082026-SW09,Summer 2026,neap,8/20/2026 15:30,15:30,SW,7.010759998,1.178945462,77.29870252,6.770553673,30.60237613,1.078990773,,,11.02572368,,,2.525905249,1.138867044,0.450874808,27.51,0.5783,33.91,7.81,93.4,92.94,5.67,43143,,,,,67.87333333,,,,,2.009
FLSP-lake,Summer 2026,,8/20/2026 10:00,10:00,SW,5.302482338,1.027083576,82.39170961,5.892430316,39.82865254,1.232137525,,,15.53832797,,,2.068654206,2.268494207,1.096603869,19.8,,33.01,7.217,10.6,84.2,5.416,31086,,,,,36.32,1863.61709,29.97695445,,,1.491
FLSP-PW01,Summer 2026,,8/12/2026 8:10,8:10,PW,7.248902628,6.095396849,227.5315856,20.6420033,,,,,31.38841798,,,,1.724508001,,25.4,1.14,26.38,6.6,,40.32,2.908,39950,,,,,131.94,20759.88797,158.3414696,,,10.717
FLSP-PW02,Summer 2026,,8/12/2026 9:04,9:04,PW,9.197952389,11.18278045,426.8733762,35.95002024,,,,,46.40960925,,,,5.29138141,,28.42,0.33,32.59,6.46,,64.02,4.023,43370,,,,,80.67333333,15048.8457,37.85080094,,,7.9875
FLSP-PW03,Summer 2026,,8/12/2026 15:00,15:00,PW,15.57292686,6.695209443,240.4362408,19.76128648,,,,,15.43937392,,,,3.41820075,,18.47,1.37,26.79,6.611,,30.32,2.052,29814,,,,,70.34,24279.84502,229.4881555,,,8.088
FLSP-PW04,Summer 2026,,8/12/2026 15:50,15:50,PW,3.777253814,2.459651815,83.70376018,6.147364699,,,,,22.15995119,,,,1.07010688,,20.74,0.86,29.19,6.713,,33.87,2.271,33311,,,,,78.22,20916.13667,170.9476529,,,9.23
FLSP-PW05,Summer 2026,,8/12/2026 17:16,17:16,PW,0.114097314,1.025830119,32.09054502,2.872180249,,,,,281.2559199,,,,0.285621655,,24.96,1.81,26.04,6.706,,37.51,2.415,39374,,,,,112.3533333,22121.25866,549.3286771,,,12.383
FLSP-PW06,Summer 2026,,8/12/2026 18:05,18:05,PW,0.659488079,1.941741334,69.37332032,5.322832802,,,,,105.1926828,,,,0.496161639,,22.17,0.74,27.9,6.801,,33.12,2.103,37204,,,,,139.82,24068.36984,684.2811506,,,14.707
FLSP-GF1,Summer 2026,,8/12/2026 11:07,11:07,PW,6.873414408,3.670102825,120.7344897,9.507326858,,,,,17.56543146,,,,2.413724304,,5.256,1.03,28.65,6.007,,28.04,2.16,9471,,,,,50.02,19828.19586,626.6554091,,,1.052
FLSP-GF2S,Summer 2026,,8/12/2026 11:36,11:36,PW,8.539849028,6.021790372,230.5118179,16.27080086,,,,,26.99249333,,,,3.254897175,,27.05,1.12,34.14,6.569,,34.59,2.124,43475,,,,,70.82,20952.73069,422.3500265,,,10.097
FLSP-GF3,Summer 2026,,8/12/2026 12:30,12:30,PW,17.78210903,7.498749584,269.5831928,17.1028585,,,,,15.16036103,,,,3.391552372,,27.9,1.044,32.31,6.622,,47.36,3.011,43495,,,,,79.48666667,21773.16911,235.3660004,,,11.194
FLSP-UP1,Summer 2026,,8/20/2026 9:15,9:15,GW,1.218637121,0.702496851,18.08947799,1.805892085,,,,,14.84402344,,,,0.809251923,,0.12,,24.35,4.896,-36.7,39.98,3.254,255.2,,,,,22.35333333,10772.36794,951.3650065,,,0.147
