Sample_ID,Sample_Type,Tidal_Cycle,Sample_Datetime,volume_L,delta_volume_L,Ra223_dpm100L,Ra223_err,Ra224_dpm100L,Ra224_err,Ra226_dpm100L,Ra226_err,Ra228_dpm100L,Ra228_err,Ra224_223,Ra228_226,Ra224_228,Ra224_226,Salinity,Time_local,Season,Depth_m,Temp_C,DO_mg_L,Chlorophyll_ug_L,pH,amb_t_c,CO2d_ppm,water_depth,FlowRate_m3_s,cross_area,mean_velocity_cm_s,total_volume,CH4_nM,Rad_w_Bqm3,Rad_err_w_Bqm3,DIC_umolL,DOC_umolL,TA_umolL,TA_mmolkg
SERC_8-8-23-0530,SW,neap,8/8/2023 5:30,22.5,0.5,5.0,0.9,62.2,4.4,43.6,1.3,59,3,12.40,1.35,1.05,1.43,7.312,5:30,Summer 2023,0.7215,23.984,0.079,8.335,6.854,32.16039561,8856.335711,0.9413,-0.12449,1.8341,-0.0678,-100341.36,145.6507228,44.94192596,25.72207955,1501.12397,1944.883856,1353.25,1.35325
SERC_8-8-23-0630,SW,neap,8/8/2023 6:30,22.5,0.5,3.8,0.7,47.9,2.8,28.4,0.8,50,3,12.55,1.76,0.96,1.69,7.251,6:30,Summer 2023,0.766,23.8986,0.078,8.502,6.852,32.23270389,9080.685717,0.9359,-0.0459,1.8246,-0.0253,-100697.98,160.8208081,47.49170592,26.52217063,1523.603364,1962.367829,1401.5,1.4015
SERC_8-8-23-0730,SW,neap,8/8/2023 7:30,22.5,0.5,3.9,0.9,47.8,3.9,25.2,0.7,69,3,12.12,2.74,0.69,1.90,7.15,7:30,Summer 2023,0.8142,24.018,0.095,8.465,6.86,32.1247625,8910.890461,1.0176,0.00154,1.9754,0.0008,-100649.21,172.719135,44.62154478,25.81897777,1093.997169,1584.380984,1057.95,1.05795
SERC_8-8-23-0830,SW,neap,8/8/2023 8:30,22.5,0.5,3.7,0.9,48.4,4.3,25.0,0.8,46,2,13.01,1.84,1.05,1.94,7.153,8:30,Summer 2023,0.7863,24.1259,0.124,8.357,6.873,32.12548828,8672.043833,0.9863,-0.10669,1.9178,-0.0555,-100973.46,173.9793388,52.06481621,27.25528819,1109.816002,1607.692948,1094.05,1.09405
SERC_8-8-23-0930,SW,neap,8/8/2023 9:30,22.5,0.5,3.7,0.9,46.4,3.7,27.1,0.8,50,3,12.50,1.84,0.93,1.71,7.179,9:30,Summer 2023,0.746,24.4442,0.177,8.259,6.891,32.67023878,8670.983617,0.959,-0.1225,1.8671,-0.0658,-101323.04,172.7911127,44.90484307,25.18799469,1469.486304,1984.847223,1399.1,1.3991
SERC_8-8-23-1030,SW,neap,8/8/2023 10:30,22.5,0.5,4.0,0.9,52.8,4.1,26.0,0.8,51,3,13.23,1.96,1.04,2.03,7.387,10:30,Summer 2023,0.6131,25.0205,0.218,8.121,6.909,33.14583233,8952.541211,0.9125,-0.07722,1.7814,-0.0434,-101712.08,177.1835633,48.13842992,25.70108223,1593.539256,2053.950545,1487.1,1.4871
SERC_8-8-23-1130,SW,neap,8/8/2023 11:30,22.5,0.5,4.3,1.0,56.0,4.7,30.5,0.9,56,4,13.00,1.83,1.00,1.83,7.761,11:30,Summer 2023,0.5915,25.9421,0.395,7.688,6.886,33.50108783,9689.898117,0.8589,-0.11745,1.6818,-0.0699,-102045.78,196.4970873,55.73337312,26.76436384,1484.472567,2115.560736,1408,1.408
SERC_8-8-23-1230,SW,neap,8/8/2023 12:30,22.5,0.5,5.5,1.3,73.3,9.8,39.5,1.1,59,3,13.25,1.49,1.24,1.85,8.116,12:30,Summer 2023,0.4766,26.9782,0.18,7.262,6.831,34.3980685,11229.15467,0.7908,-0.07203,1.5562,-0.0466,-102360.82,260.5713156,47.8984753,25.22100366,1867.454833,2300.391308,1718.85,1.71885
SERC_8-8-23-1330,SW,neap,8/8/2023 13:30,22.5,0.5,6.2,1.2,71.0,6.0,32.7,1.0,66,4,11.37,2.02,1.08,2.17,8.342,13:30,Summer 2023,0.3501,27.6457,0.086,6.629,6.788,35.20459772,14820.42922,0.7008,-0.05463,1.3895,-0.0394,-102608.13,747.9249063,67.59946888,28.04935674,2013.154608,2406.127716,1727.1,1.7271
SERC_8-8-23-1430,SW,neap,8/8/2023 14:30,22.5,0.5,7.5,1.5,96.5,6.3,40.9,1.2,69,4,12.83,1.69,1.40,2.36,8.382,14:30,Summer 2023,0.2511,27.6141,0.065,7.183,6.833,35.51357378,16227.94978,0.6051,-0.03554,1.2126,-0.0291,-102775.86,1432.315319,90.20570327,32.08554391,2167.180085,2583.465157,1942.15,1.94215
SERC_8-8-23-1530,SW,neap,8/8/2023 15:30,22.5,0.5,6.2,1.3,102.4,4.7,42.0,1.2,90,5,16.61,2.14,1.14,2.44,8.351,15:30,Summer 2023,0.2236,27.527,0.06,7.364,6.917,36.01355772,15919.03417,0.5489,-0.01901,1.1085,-0.0171,-102867.01,2084.576789,121.3981729,36.44042297,2228.790276,2609.274831,1960.75,1.96075
SERC_8-8-23-1630,SW,neap,8/8/2023 16:30,22.5,0.5,7.5,1.4,105.5,6.2,42.9,1.3,82,4,14.03,1.91,1.29,2.46,8.303,16:30,Summer 2023,0.2415,27.2252,0.06,6.593,6.913,36.52907833,15306.68328,0.5583,-0.01908,1.1257,-0.017,-102935.73,2490.378102,119.2191864,36.52669048,2249.604529,2603.44684,1959.75,1.95975
SERC_8-8-23-1730,SW,neap,8/8/2023 17:30,22.5,0.5,8.7,1.5,115.4,5.1,58.7,1.7,46,3,13.26,0.78,2.51,1.96,8.295,17:30,Summer 2023,0.2956,26.7724,0.06,7.36,6.9,36.59230961,14789.71989,0.599,-0.00941,1.2011,-0.008,-102990.8,2659.537921,129.3986593,38.11079592,2216.301723,2602.61427,1927.7,1.9277
SERC-8-16-23-0530,SW,spring,8/16/2023 5:30,22.5,0.5,10.8,2.4,111.5,6.6,43.5,1.2,88,5,10.35,2.02,1.27,2.56,9.16,5:30,Summer 2023,0.9727,27.0073,0.665,18.958,6.952,31.533987,6211.813033,1.0471,-0.1267,2.0304,-0.0631,-104019.75,552.3756329,101.8873716,34.03262288,1506.119391,1884.106236,1495.8,1.4958
SERC-8-16-23-0630,SW,spring,8/16/2023 6:30,22.5,0.5,10.1,2.0,95.6,4.5,59.2,1.6,58,4,9.51,0.98,1.65,1.62,8.554,6:30,Summer 2023,0.9041,25.3189,0.39,13.364,6.821,31.62064606,8823.7996,0.9781,-0.18649,1.9028,-0.098,-104694.48,505.1820052,105.2011822,35.71285153,1536.924486,1900.757639,1509.4,1.5094
SERC-8-16-23-0730,SW,spring,8/16/2023 7:30,22.5,0.5,7.3,1.5,80.6,4.5,46.0,1.4,52,3,10.99,1.13,1.55,1.75,8.219,7:30,Summer 2023,0.975,24.4063,0.408,11.039,6.795,31.82485062,9903.721849,0.916,-0.11726,1.7875,-0.0655,-105226.52,484.3638597,114.599942,37.76101756,1699.275664,2045.624844,1563.55,1.56355
SERC-8-16-23-0830,SW,spring,8/16/2023 8:30,22.5,0.5,4.8,1.0,49.0,3.5,33.8,1.0,38,3,10.28,1.12,1.29,1.45,8.022,8:30,Summer 2023,0.9089,24.4206,0.289,11.184,6.778,32.81736017,11721.0435,0.8395,-0.08244,1.6458,-0.0499,-105598.93,589.7143166,89.86286047,33.9438628,1828.324036,2258.762801,1662.65,1.66265
SERC-8-16-23-0930,SW,spring,8/16/2023 9:30,22.5,0.5,12.7,1.8,83.9,5.2,37.8,1.1,44,3,6.60,1.16,1.91,2.22,8.063,9:30,Summer 2023,0.8239,24.9454,0.176,11.574,6.75,33.43901114,13548.25343,0.7696,-0.0518,1.5167,-0.0344,-105819.61,784.8128417,102.7357655,35.68025011,2020.64774,2472.733328,1830.05,1.83005
SERC-8-16-23-1030,SW,spring,8/16/2023 10:30,22.5,0.5,6.7,1.6,87.7,5.3,48.2,1.5,54,3,13.07,1.12,1.62,1.82,8.207,10:30,Summer 2023,0.739,25.6852,0.081,12.581,6.758,28.15787814,14221.96831,0.7127,-0.04008,1.4117,-0.0284,-105991.14,1312.39885,91.06524513,33.48534814,2290.400466,2700.857547,2026.5,2.0265
SERC-8-16-23-1130,SW,spring,8/16/2023 11:30,22.5,0.5,7.6,2.1,115.2,7.9,46.3,1.4,56,4,15.25,1.21,2.06,2.49,8.257,11:30,Summer 2023,0.6892,26.0954,0.08,14.557,6.707,23.88648333,5967.925265,0.6912,-0.04045,1.3716,-0.0295,-106134.78,567.2708765,122.2469895,37.9167978,2534.343518,2898.176671,2182.05,2.18205
SERC-8-16-23-1230,SW,spring,8/16/2023 12:30,22.5,0.5,10.0,2.5,123.7,15.2,54.3,1.6,65,4,12.38,1.20,1.90,2.28,8.273,12:30,Summer 2023,0.6987,26.1133,0.08,16.251,6.69,25.19590179,10239.27713,0.7068,-0.01594,1.401,-0.0115,-106241.3,1717.857197,136.6682012,39.64519594,2590.958288,2985.596537,2269.55,2.26955
SERC-8-16-23-1330,SW,spring,8/16/2023 13:30,22.5,0.5,7.8,2.3,129.5,9.3,52.6,1.5,66,3,16.62,1.25,1.96,2.46,8.326,13:30,Summer 2023,0.7309,26.314,0.08,17.441,6.681,37.3108019,18784.11043,0.7518,-0.00895,1.4838,-0.006,-106277.56,2369.298221,147.3609107,41.19317889,2659.22904,2954.791441,2288,2.288
SERC-8-16-23-1430,SW,spring,8/16/2023 14:30,22.5,0.5,10.3,2.3,126.6,7.8,52.5,1.5,68,4,12.33,1.29,1.86,2.41,8.329,14:30,Summer 2023,0.7703,26.445,0.08,16.221,6.678,38.11670594,19115.46439,0.8105,0.02598,1.5921,0.0164,-106255.62,2342.06358,147.1257726,41.06142859,2267.921072,2771.626009,2161.1,2.1611
SERC-8-16-23-1530,SW,spring,8/16/2023 15:30,22.5,0.5,7.2,2.3,127.0,7.6,50.1,1.5,54,3,17.74,1.08,2.35,2.53,8.286,15:30,Summer 2023,0.745,27.7288,0.08,13.373,6.695,38.08741389,18186.34561,0.8664,0.01198,1.6958,0.0071,-106188.79,2292.338813,153.3996821,41.04439495,2223.794855,2725.002081,2096.65,2.09665
SERC-8-16-23-1630,SW,spring,8/16/2023 16:30,22.5,0.5,8.9,2.3,116.8,8.5,50.1,1.5,67,5,13.10,1.34,1.74,2.33,10.45,16:30,Summer 2023,0.7352,30.3334,2.171,40.34,7.287,37.70727146,6236.843344,0.9047,0.0154,1.7662,0.0088,-106121.49,1673.465855,135.8433195,37.30440533,2150.528682,2652.568479,2054.1,2.0541
SERC-8-16-23-1730,SW,spring,8/16/2023 17:30,22.5,0.5,10.7,2.8,133.1,17.2,45.5,1.3,78,5,12.44,1.72,1.71,2.93,10.855,17:30,Summer 2023,0.717,30.2674,1.656,39.642,7.298,,,0.8998,-0.0355,1.758,-0.0203,-106165.04,,129.0167806,36.45083048,1973.191241,2415.285988,1927.8,1.9278
GCREW-020824-0900,SW,neap,2/8/2024 9:00,22.5,0.5,1.2,0.4,18.5,1.2,11.1,0.4,20,2,15.79,1.80,0.93,1.67,4,9:00,Winter 2024,1.1776,1.3136,12.342,38.036,7.126,12.89030339,1030.022082,0.13945,-0.02625,0.351,-0.06855,-4549.8372,42.94935331,106.9720056,58.49657246,832.570144,299.3922238,866.35,0.86635
GCREW-020824-1000,SW,neap,2/8/2024 10:00,22.5,0.5,1.7,0.4,17.1,1.3,11.5,0.4,19,2,9.93,1.66,0.90,1.49,4,10:00,Winter 2024,1.2409,1.5879,12.616,38.345,7.149,15.81644956,1037.404317,0.12855,-0.00205,0.33075,-0.0078,-4594.06625,47.10419018,113.5839488,59.70736777,809.008409,301.7234202,845.9,0.8459
GCREW-020824-1100,SW,neap,2/8/2024 11:00,22.5,0.5,0.4,0.2,6.8,0.7,,,8,1,18.48,,0.85,,4.087,11:00,Winter 2024,1.3394,3.4526,13.866,46.321,7.681,18.184976,869.6569894,0.42975,0.14329,0.88825,0.1238,-4462.88485,49.48159148,124.6709885,59.41196399,577.6371659,256.1818333,,
GCREW-020824-1200,SW,neap,2/8/2024 12:00,22.5,0.5,1.0,0.5,21.9,1.8,10.7,0.4,19,2,22.46,1.78,1.15,2.05,4.656,12:00,Winter 2024,1.4239,6.6498,16.018,126.882,8.746,19.86876478,213.6762644,1.1517,0.56338,2.22365,0.25295,-3075.0795,51.0239427,130.4597017,55.89725089,791.1081509,283.5733911,927.6,0.9276
GCREW-020824-1300,SW,neap,2/8/2024 13:00,22.5,0.5,2.3,0.5,23.1,1.6,12.5,0.4,23,2,10.18,1.84,1.00,1.85,4.673,13:00,Winter 2024,1.4928,7.0099,16.235,119.49,8.78,20.63602544,134.4775767,0.70065,0.42691,1.3893,0.2245,-921.89109,57.24833819,145.5635598,58.37529104,787.3615852,279.1607693,965.25,0.96525
GCREW-020824-1400,SW,neap,2/8/2024 14:00,22.5,0.5,2.9,0.6,25.9,1.9,12.6,0.4,23,2,8.98,1.82,1.13,2.06,4.729,14:00,Winter 2024,1.5559,6.8001,15.775,91.548,8.734,21.51059256,126.26186,0.11605,0.02767,0.30775,0.0882,-465.231675,58.870948,124.4322811,55.3037974,824.4109566,268.6703855,1042.35,1.04235
GCREW-020824-1500,SW,neap,2/8/2024 15:00,22.5,0.5,1.7,0.4,19.1,1.3,11.0,0.4,19,2,11.24,1.73,1.01,1.75,4.772,15:00,Winter 2024,1.5782,6.4695,15.783,74.488,8.736,21.96973611,118.8455906,0.09595,0.012515,0.2707,0.046,-383.802845,56.6840758,107.9740314,52.54014626,834.2352843,257.0976605,1064.9,1.0649
GCREW-020824-1600,SW,neap,2/8/2024 16:00,22.5,0.45,1.9,0.5,24.9,1.6,10.8,0.4,23,2,13.39,2.14,1.08,2.31,4.747,16:00,Winter 2024,1.5634,6.7534,15.769,96.639,8.741,20.33275311,115.247225,0.09315,-0.01926,0.26515,-0.0727,-402.00729,53.26301312,124.9667456,55.57686583,823.6616435,269.8359837,1041.85,1.04185
GCREW-020824-1700,SW,neap,2/8/2024 17:00,22.5,0.5,2.4,0.4,21.4,1.2,11.7,0.4,23,2,9.01,1.96,0.93,1.83,4.675,17:00,Winter 2024,1.5006,6.8993,15.423,110.173,8.67,18.80085772,121.5302433,0.09525,-0.05324,0.26935,-0.1972,-531.949375,51.059857,105.3452383,50.47476467,828.7403214,263.0921655,1015.8,1.0158
GCREW-020824-1800,SW,neap,2/8/2024 18:00,22.5,0.5,1.8,0.5,19.2,1.6,12.2,0.4,16,2,10.54,1.31,1.20,1.58,4.538,18:00,Winter 2024,1.43,6.7755,14.881,133.806,8.505,17.70622928,136.3494367,0.05815,-0.01755,0.18645,-0.06755,-679.02317,46.80637546,88.2964913,46.66849034,818.2499376,283.5733911,976.2,0.9762
GCREW-020824-1900,SW,neap,2/8/2024 19:00,22.5,0.5,1.5,0.4,16.2,1.2,10.7,0.4,17,2,10.85,1.59,0.95,1.52,4.402,19:00,Winter 2024,1.36,6.3205,14.176,123.959,8.211,16.81808528,173.109815,0,0,0,0,-694.175,40.40813928,92.36495454,48.21398205,828.9900924,304.2211306,943.7,0.9437
GCREW-020824-2000,SW,neap,2/8/2024 20:00,22.5,0.5,1.0,0.4,14.5,1.2,11.3,0.4,17,2,14.48,1.50,0.85,1.28,4.29,20:00,Winter 2024,1.285,5.7674,13.396,112.41,7.837,16.37694583,297.5579983,0,0,0,0,-694.175,33.09678423,84.82236346,47.1138055,804.2627591,313.7956873,893.95,0.89395
GCREW-020824-2100,SW,neap,2/8/2024 21:00,22.5,0.5,0.8,0.3,11.2,0.9,,,14,2,13.26,,0.80,,4.14,21:00,Winter 2024,1.2338,5.1633,12.637,92.743,7.542,16.11278917,519.7673944,0,0,0,0,-694.175,29.19347156,88.09578583,48.26470734,818.2499376,310.5486637,868.1,0.8681
GCREW-021524-0800,SW,spring,2/15/2024 8:00,22.5,0.5,1.2,0.4,15.9,1.3,10.7,0.3,46,4,13.76,4.29,0.35,1.48,5.83,8:00,Winter 2024,1.3943,7.538,9.138,107.754,7.62,9.2169214,612.759905,1.1341,0.25373,2.191,0.1159,-17809.09,47.67897659,82.2773448,45.19568495,747.9810174,315.3775706,800.4,0.8004
GCREW-021524-0900,SW,spring,2/15/2024 9:00,22.5,0.5,2.0,0.5,21.6,1.6,19.0,0.6,54,5,10.59,2.85,0.40,1.14,5.925,9:00,Winter 2024,1.3936,7.5974,9.672,106.536,7.722,10.78190796,499.3014417,1.1356,0.064545,2.19375,0.02905,-17158.4835,63.12883633,104.1780552,49.58989429,749.6461577,293.5642328,778.45,0.77845
GCREW-021524-1000,SW,spring,2/15/2024 10:00,22.5,0.5,3.1,0.7,34.3,2.7,16.9,0.5,74,6,11.02,4.38,0.46,2.03,5.114,10:00,Winter 2024,1.3494,6.838,10.524,79.604,7.65,11.94653522,488.269125,0.7224,-0.1236,1.4293,-0.09395,-17366.588,79.22210935,90.26852179,47.64268216,686.0377987,314.2119724,687.25,0.68725
GCREW-021524-1100,SW,spring,2/15/2024 11:00,22.5,0.5,3.3,0.7,29.3,1.8,13.3,0.5,76,6,8.81,5.72,0.39,2.21,4.702,11:00,Winter 2024,1.2706,5.897,11.457,74.955,7.498,12.62130044,640.0349528,0.49125,-0.149845,1.00175,-0.14555,-17911.4725,83.62191858,121.7100978,55.53215318,822.8290733,312.7966031,889.1,0.8891
GCREW-021524-1200,SW,spring,2/15/2024 12:00,22.5,0.5,1.3,0.6,28.6,1.9,11.8,0.4,67,6,21.47,5.70,0.43,2.43,4.294,12:00,Winter 2024,1.2016,5.3828,12.697,73.614,7.483,13.58859939,668.3220039,0.3312,-0.074535,0.70555,-0.103,-18226.5005,70.97488599,140.5812889,59.47806021,838.398135,317.958538,917.85,0.91785
GCREW-021524-1300,SW,spring,2/15/2024 13:00,22.5,0.5,2.4,0.5,22.8,1.5,10.7,0.4,63,4,9.36,5.90,0.36,2.13,3.986,13:00,Winter 2024,1.1188,5.2773,13.503,69.536,7.515,14.76512156,649.5692094,0.319,-0.06399,0.68315,-0.09245,-18514.257,69.70256807,152.3811736,62.14169764,804.8455582,337.6904504,858.05,0.85805
GCREW-021524-1400,SW,spring,2/15/2024 14:00,22.5,0.5,2.4,0.6,25.1,1.7,10.7,0.4,69,5,10.55,6.47,0.36,2.36,4.777,14:00,Winter 2024,1.063,6.5758,14.032,137.559,8.192,16.61192428,315.5787117,0.35495,-0.01465,0.7495,-0.0209,-18628.342,66.96266169,171.5047814,63.26929432,795.3542586,346.848722,850.75,0.85075
GCREW-021524-1500,SW,spring,2/15/2024 15:00,22.5,0.5,2.2,0.5,24.9,1.3,14.6,0.5,69,5,11.20,4.72,0.36,1.70,6.259,15:00,Winter 2024,1.017,7.8948,15.424,168.239,8.63,18.58452983,190.6581083,0.8482,-0.037675,1.6624,-0.0231,-18742.2925,67.59305857,161.0785705,59.397145,806.0111564,,857.6,0.8576
GCREW-021524-1600,SW,spring,2/15/2024 16:00,22.5,0.5,2.7,0.6,27.7,1.6,12.3,0.4,89,7,10.28,7.23,0.31,2.25,6.272,16:00,Winter 2024,1.0415,8.0722,15.824,106.21,8.743,19.32431811,146.7001989,0.8934,-0.03652,1.7457,-0.02105,-18850.61,70.20934284,158.3397013,59.11359837,818.4997086,330.1973191,855.85,0.85585
GCREW-021524-1700,SW,spring,2/15/2024 17:00,22.5,0.5,3.3,0.6,26.9,2.0,13.7,0.4,100,5,8.24,7.32,0.27,1.97,6.154,17:00,Winter 2024,1.0839,8.1637,15.331,135.284,8.714,17.51740839,146.65444,0.94545,0.077985,1.8419,0.04165,-18833.839,67.25047991,131.3286252,53.17682011,834.2352843,322.7874448,954.4,0.9544
GCREW-021524-1800,SW,spring,2/15/2024 18:00,22.5,0.5,2.1,0.6,27.7,1.4,11.5,0.4,76,5,13.39,6.62,0.37,2.42,5.972,18:00,Winter 2024,1.1591,7.9592,14.268,114.296,8.612,16.49805617,153.6187494,1.02625,0.163105,1.99145,0.08175,-18359.6385,60.54351321,124.1262769,51.95396181,873.3660811,274.4983765,1101.95,1.10195
GCREW-021524-1900,SW,spring,2/15/2024 19:00,22.5,0.5,1.6,0.6,31.6,1.7,13.6,0.4,92,5,20.02,6.75,0.34,2.32,5.958,19:00,Winter 2024,1.1992,7.8531,14.165,92.529,8.62,16.02926883,152.8538672,1.06915,0.2015,2.07105,0.09685,-17747.8315,56.47912664,90.69941127,46.04783774,888.3523437,258.5130297,1116,1.116
SERC_8-7-23-GW1,PW,neap,8/7/2023 8:15,3.8,0.1,5.5,1.5,89.0,6.9,44.2,1.7,61,6,16.06,1.38,1.46,2.01,10.463,8:00,Summer 2023,0.9196,27.4968,0.268,37.589,7.229,34.84719633,4458.568861,1.2458,-0.05111,2.3975,-0.0212,-88881.906,181.7817507,82.13846433,30.46919268,5992.839897,6283.406877,,
SERC_8-7-23-GW2,PW,neap,8/7/2023 8:50,3.8,0.1,13.8,2.3,131.6,10.0,86.5,2.7,121,8,9.51,1.40,1.09,1.52,11.748,9:00,Summer 2023,0.9079,27.4617,0.405,33.641,7.165,35.46454511,4967.858894,1.1773,-0.17849,2.271,-0.0776,-89164.907,193.6629267,76.28983834,29.62697487,4004.662393,3179.58538,,
SERC_8-7-23-GW3,PW,neap,8/7/2023 9:20,3.8,0.1,10.3,1.5,82.7,6.5,29.4,1.3,73,6,8.06,2.48,1.13,2.81,11.748,9:00,Summer 2023,0.9079,27.4617,0.405,33.641,7.165,35.46454511,4967.858894,1.1773,-0.17849,2.271,-0.0776,-89164.907,193.6629267,76.28983834,29.62697487,2160.519524,2253.76738,,
SERC_8-7-23-GW4,PW,neap,8/7/2023 9:45,3.8,0.1,11.4,1.6,80.0,6.6,35.6,1.3,63,5,6.98,1.77,1.27,2.25,11.758,10:00,Summer 2023,0.8614,27.3717,0.541,25.828,7.073,36.47745944,6528.368822,1.1772,-0.38936,2.2709,-0.1713,-90344.596,196.5971844,84.35734552,30.82679013,5204.39597,4254.433436,,
SERC_8-7-23-GW5,PW,neap,8/7/2023 10:30,3.8,0.1,8.1,1.4,78.7,7.0,46.2,1.6,76,7,9.73,1.64,1.04,1.70,11.758,10:00,Summer 2023,0.8614,27.3717,0.541,25.828,7.073,36.47745944,6528.368822,1.1772,-0.38936,2.2709,-0.1713,-90344.596,196.5971844,84.35734552,30.82679013,2500.208143,3037.215885,,
SERC_8-7-23-GW6,PW,neap,8/7/2023 11:10,2.5,0.1,18.8,3.6,185.8,24.7,57.6,2.1,139,10,9.87,2.41,1.34,3.22,11.749,11:00,Summer 2023,0.8117,27.2444,0.467,19.491,7.003,37.34813567,7788.825061,1.1166,-0.41087,2.159,-0.1908,-91744.203,188.6515456,87.79410496,31.52114115,2126.384148,2328.698693,,
SERC-8-15-23-GW-1,PW,spring,8/15/2023 11:30,3.8,0.1,4.3,1.7,78.6,4.3,37.4,1.2,60,6,18.12,1.61,1.31,2.10,10.348,11:00,Summer 2023,0.7845,28.3508,1.183,9.569,6.806,38.87873083,9581.849939,0.9164,-0.05301,1.7883,-0.0298,-102794.69,292.3161231,70.96467262,28.99626104,7816.168512,7964.365998,,
SERC-8-15-23-GW-2,PW,spring,8/15/2023 11:10,3.8,0.1,10.6,2.6,129.4,7.8,85.8,2.8,77,6,12.25,0.90,1.68,1.51,10.348,11:00,Summer 2023,0.7845,28.3508,1.183,9.569,6.806,38.87873083,9581.849939,0.9164,-0.05301,1.7883,-0.0298,-102794.69,292.3161231,70.96467262,28.99626104,5916.243444,4225.293481,,
SERC-8-15-23-GW-3,PW,spring,8/15/2023 10:50,3.8,0.1,8.5,2.6,127.9,6.2,42.8,1.4,55,5,15.00,1.29,2.33,2.99,10.348,11:00,Summer 2023,0.7845,28.3508,1.183,9.569,6.806,38.87873083,9581.849939,0.9164,-0.05301,1.7883,-0.0298,-102794.69,292.3161231,70.96467262,28.99626104,2511.864125,2293.730747,,
SERC-8-15-23-GW-4,PW,spring,8/15/2023 10:30,3.8,0.1,5.2,1.3,57.9,3.4,25.7,1.0,40,4,11.11,1.56,1.45,2.25,10.434,10:00,Summer 2023,0.8195,27.3799,0.997,10.445,6.789,37.84543522,10256.84017,0.9119,-0.10483,1.7801,-0.0589,-102517.16,290.8148344,88.50024067,31.95245922,5558.238282,4429.273166,,
SERC-8-15-23-GW-5,PW,spring,8/15/2023 10:11,3.8,0.1,3.2,1.1,38.8,3.4,23.4,0.9,32,4,12.05,1.36,1.21,1.66,10.434,10:00,Summer 2023,0.8195,27.3799,0.997,10.445,6.789,37.84543522,10256.84017,0.9119,-0.10483,1.7801,-0.0589,-102517.16,290.8148344,88.50024067,31.95245922,5155.274332,6110.232287,,
SERC-8-15-23-GW-6,PW,spring,8/15/2023 9:44,2.5,0.1,27.0,6.8,326.4,37.8,60.8,2.0,170,12,12.10,2.79,1.92,5.37,10.434,10:00,Summer 2023,0.8195,27.3799,0.997,10.445,6.789,37.84543522,10256.84017,0.9119,-0.10483,1.7801,-0.0589,-102517.16,290.8148344,88.50024067,31.95245922,5083.673299,4131.213055,,
SERC-8-16-23-1100-GW-T1-NW5,GW,spring,8/16/2023 11:00,3.8,0.1,3.3,1.3,50.5,5.8,103.7,3.7,67,6,15.27,0.65,0.75,0.49,8.257,11:00,Summer 2023,0.6892,26.0954,0.08,14.557,6.707,23.88648333,5967.925265,0.6912,-0.04045,1.3716,-0.0295,-106134.78,567.2708765,122.2469895,37.9167978,2324.535842,463.0755141,,
SERC-8-16-23-1200-GW-T1-NW1,GW,spring,8/16/2023 12:00,2.25,0.0,12.6,4.1,201.3,14.6,430.3,13.2,159,14,15.93,0.37,1.27,0.47,8.273,12:00,Summer 2023,0.6987,26.1133,0.08,16.251,6.69,25.19590179,10239.27713,0.7068,-0.01594,1.401,-0.0115,-106241.3,1717.857197,136.6682012,39.64519594,1451.169761,99.07584714,,
GCREW-021524-GW-1,PW,spring,2/15/2024 12:45,1.225,0.0,9.3,4.0,172.1,12.6,57.6,2.0,482,73,18.42,8.37,0.36,2.99,3.986,13:00,Winter 2024,1.1188,5.2773,13.503,69.536,7.515,14.76512156,649.5692094,0.319,-0.06399,0.68315,-0.09245,-18514.257,69.70256807,152.3811736,62.14169764,3713.262842,487.0535343,,
GCREW-021524-GW-2,PW,spring,2/15/2024 13:45,3.8,0.1,10.2,3.8,121.5,6.5,48.0,1.4,283,30,11.92,5.90,0.43,2.53,4.777,14:00,Winter 2024,1.063,6.5758,14.032,137.559,8.192,16.61192428,315.5787117,0.35495,-0.01465,0.7495,-0.0209,-18628.342,66.96266169,171.5047814,63.26929432,6365.831321,653.4843061,,
GCREW-021524-GW-4,PW,spring,2/15/2024 14:45,3.8,0.1,5.0,1.4,,4.9,,,96,17,0.00,,0.00,,6.259,15:00,Winter 2024,1.017,7.8948,15.424,168.239,8.63,18.58452983,190.6581083,0.8482,-0.037675,1.6624,-0.0231,-18742.2925,67.59305857,161.0785705,59.397145,2384.480893,339.2723337,,
GCREW-021524-GW-6,PW,spring,2/15/2024 15:45,3.8,0.1,3.1,1.3,40.0,5.4,10.6,0.5,69,15,12.84,6.48,0.58,3.76,6.272,16:00,Winter 2024,1.0415,8.0722,15.824,106.21,8.743,19.32431811,146.7001989,0.8934,-0.03652,1.7457,-0.02105,-18850.61,70.20934284,158.3397013,59.11359837,2149.696112,331.7792024,,
GCREW-GW-1,PW,neap,2/8/2024 12:45,1.75,0.0,0.2,0.7,23.5,3.9,87.8,3.6,156,16,152.68,1.78,0.15,0.27,4.673,13:00,Winter 2024,1.4928,7.0099,16.235,119.49,8.78,20.63602544,134.4775767,0.70065,0.42691,1.3893,0.2245,-921.89109,57.24833819,145.5635598,58.37529104,3635.001249,458.2466073,,
GCREW-GW-2,PW,neap,2/8/2024 13:45,3.8,0.1,15.0,4.1,184.7,18.0,56.7,1.9,107,9,12.35,1.89,1.73,3.26,4.729,14:00,Winter 2024,1.5559,6.8001,15.775,91.548,8.734,21.51059256,126.26186,0.11605,0.02767,0.30775,0.0882,-465.231675,58.870948,124.4322811,55.3037974,4745.649821,454.9163267,,
GCREW-GW-3,PW,neap,2/8/2024 14:45,3.8,0.1,12.5,2.7,142.3,10.6,11.2,0.8,19,4,11.34,1.69,7.49,12.65,4.772,15:00,Winter 2024,1.5782,6.4695,15.783,74.488,8.736,21.96973611,118.8455906,0.09595,0.012515,0.2707,0.046,-383.802845,56.6840758,107.9740314,52.54014626,1165.598202,270.0024977,,
GCREW-GW-4,PW,neap,2/8/2024 15:45,3.8,0.1,2.1,0.8,10.8,4.0,11.6,0.6,105,16,5.23,9.04,0.10,0.93,4.747,16:00,Winter 2024,1.5634,6.7534,15.769,96.639,8.741,20.33275311,115.247225,0.09315,-0.01926,0.26515,-0.0727,-402.00729,53.26301312,124.9667456,55.57686583,2101.407044,304.2211306,,
GCREW-GW-5,PW,neap,2/8/2024 16:45,3.8,0.1,1.4,0.7,12.4,3.2,13.9,0.7,34,9,9.11,2.44,0.36,0.89,4.675,17:00,Winter 2024,1.5006,6.8993,15.423,110.173,8.67,18.80085772,121.5302433,0.09525,-0.05324,0.26935,-0.1972,-531.949375,51.059857,105.3452383,50.47476467,1105.653151,288.985097,,
GCREW-021624-FW-1,GW,spring,2/16/2024 12:15,3.8,0.1,0.6,0.5,9.7,2.6,12.3,0.5,41,11,15.55,3.33,0.24,0.79,3.687,12:00,Winter 2024,1.2016,5.3828,12.697,73.614,7.483,13.58859939,668.3220039,0.3312,-0.074535,0.70555,-0.103,-18226.5005,70.97488599,140.5812889,59.47806021,1982.349513,80.55948714,,
GCREW-021624-FW-2,GW,spring,2/16/2024 12:45,3.8,0.1,1.7,0.8,11.7,2.9,13.4,0.5,69,14,6.80,5.14,0.17,0.87,3.877,13:00,Winter 2024,1.1188,5.2773,13.503,69.536,7.515,14.76512156,649.5692094,0.319,-0.06399,0.68315,-0.09245,-18514.257,69.70256807,152.3811736,62.14169764,2175.505786,334.6931979,,
GCREW-020924-TMPFW1,GW,spring,2/9/2024 12:15,3.8,0.1,4.2,1.7,54.4,5.9,27.8,1.0,50,12,12.87,1.80,1.09,1.96,4.705,12:00,Winter 2024,1.4239,6.6498,16.018,126.882,8.746,19.86876478,213.6762644,1.1517,0.56338,2.22365,0.25295,-3075.0795,51.0239427,130.4597017,55.89725089,1935.725585,94.57996836,,
GCREW-020924-TMPFW2,GW,spring,2/9/2024 12:45,3.8,0.1,1.3,0.5,10.1,2.1,33.7,1.2,128,18,7.84,3.80,0.08,0.30,4.688,13:00,Winter 2024,1.4928,7.0099,16.235,119.49,8.78,20.63602544,134.4775767,0.70065,0.42691,1.3893,0.2245,-921.89109,57.24833819,145.5635598,58.37529104,2092.248772,109.0666889,,
