Sample_ID,Season,Sample_Datetime ,Time_local,Sample_Type,Ra223_dpm100L,Ra223_err,Ra224_dpm100L,Ra224_err,Ra226_dpm100L,Ra226_err,Ra228_dpm100L,Ra228_err,Ra224_223,Ra224_223_err,Ra224_228,Ra224_228_err,Ra224_226,Ra224_226_err,Ra228_226,Ra228_226_err,Ra224_Si,Ra226_Si,228/Si,Salinity,Temp_C,Depth_m,tide,pH,Si_uM,Chlorophyll_ug_L,DO_mg_L,TA_mmolkg
TC_241023_01,Fall 2023,10/24/2023 9:00,9:00,SW,4.1,2.1,78.7,4.2,38.3,1.1,94.0,7.0,19.2,9.9,0.84,0.08,2.05,0.12,2.45,0.20,1.78,0.87,2.13,16.49,14.18,1.27,1.41,7.86,44,14.73,3.43,1.907124073
TC_241023_02,Fall 2023,10/24/2023 10:00,10:00,SW,3.8,2.0,74.1,4.8,39.9,1.2,96.0,6.0,19.6,10.4,0.77,0.07,1.86,0.13,2.41,0.17,1.47,0.79,1.90,16.17,14.18,1.12,1.27,7.87,51,27.03,4.67,1.944721162
TC_241023_03,Fall 2023,10/24/2023 11:00,11:00,SW,4.2,2.1,77.9,3.9,36.3,1.1,94.0,5.0,18.6,9.3,0.83,0.06,2.14,0.12,2.59,0.16,1.45,0.67,1.74,15.3,14.43,0.99,1.12,7.83,54,14.4,8.16,2.054754514
TC_241023_04,Fall 2023,10/24/2023 12:00,12:00,SW,4.3,2.1,78.2,4.0,33.7,1.0,85.0,6.0,18.1,8.8,0.92,0.08,2.32,0.14,2.52,0.19,1.23,0.53,1.34,13.77,15.17,0.91,0.99,7.74,64,13.3,8.09,2.239045346
TC_241023_05,Fall 2023,10/24/2023 13:00,13:00,SW,2.6,2.0,74.5,4.7,35.7,1.1,86.0,13.0,28.2,21.4,0.87,0.14,2.08,0.15,2.41,0.37,1.02,0.49,1.17,12.42,15.84,0.94,0.91,7.68,73,12,7.9,2.401528667
TC_241023_06,Fall 2023,10/24/2023 14:00,14:00,SW,2.6,1.8,71.9,4.0,32.7,1.0,85.0,7.0,27.9,19.2,0.85,0.08,2.20,0.14,2.60,0.23,1.08,0.49,1.28,13.36,15.86,1.04,0.94,7.72,67,8.4,7.47,2.272653922
TC_241023_07,Fall 2023,10/24/2023 15:00,15:00,SW,3.8,1.9,74.8,5.1,31.3,0.9,84.0,6.0,19.8,9.9,0.89,0.09,2.39,0.18,2.69,0.21,1.38,0.58,1.55,14.97,17.51,1.24,1.04,7.93,54,8.9,7.21,2.108719335
TC_241023_08,Fall 2023,10/24/2023 16:00,16:00,SW,4.0,1.9,71.9,4.3,36.6,1.0,93.0,6.0,18.0,8.6,0.77,0.07,1.96,0.13,2.54,0.18,1.55,0.79,2.00,16.22,18.05,1.46,1.24,8.16,46,13.2,10.16,1.931789959
TC_241023_09,Fall 2023,10/24/2023 17:00,17:00,SW,4.1,2.0,76.5,4.7,47.3,1.5,89.0,8.0,18.5,9.0,0.86,0.09,1.62,0.11,1.88,0.18,1.52,0.94,1.77,16.55,18.15,1.63,1.46,8.2,50,13.5,10.26,1.887819889
TC_241023_10,Fall 2023,10/24/2023 18:00,18:00,SW,3.4,2.1,84.6,5.8,43.1,1.4,94.0,6.0,25.0,15.7,0.90,0.08,1.96,0.15,2.18,0.16,1.79,0.91,1.99,16.78,17.85,1.73,1.63,8.23,47,13.7,10.5,1.874304358
TC_241023_11,Fall 2023,10/24/2023 19:00,19:00,SW,1.6,1.0,36.8,5.2,46.2,1.5,88.0,5.0,23.1,14.9,0.42,0.06,0.80,0.12,1.91,0.12,0.77,0.97,1.85,16.96,17.4,1.74,1.73,8.24,48,13.5,10.42,1.870562445
TC_241023_12,Fall 2023,10/24/2023 20:00,20:00,SW,3.0,1.9,75.7,5.7,43.1,1.4,88.0,7.0,24.9,16.0,0.86,0.09,1.76,0.15,2.04,0.18,1.71,0.97,1.98,17.01,17.28,1.68,1.74,8.23,44,14,10.33,1.868967753
TC_241023_13,Fall 2023,10/24/2023 21:00,21:00,SW,2.2,1.9,75.7,4.6,48.2,1.6,97.0,15.0,34.4,29.7,0.78,0.13,1.57,0.11,2.01,0.32,1.61,1.02,2.06,17.01,17.22,1.54,1.68,8.21,47,13.6,10.2,1.879975951
TC_241023_15,Fall 2023,10/24/2023 23:00,23:00,SW,4.0,2.1,81.2,5.4,45.6,1.5,89.0,7.0,20.1,10.4,0.91,0.09,1.78,0.13,1.95,0.17,1.58,0.89,1.73,16.49,17.2,1.15,1.37,8.05,51,13.8,9.14,1.887718224
TC_251023_16,Fall 2023,10/25/2023 0:00,0:00,SW,4.3,2.2,87.6,4.7,34.8,1.1,78.0,5.0,20.5,10.7,1.12,0.09,2.52,0.16,2.24,0.16,1.22,0.49,1.09,14.96,16.24,1,1.15,7.79,72,12.4,7.94,2.111918035
TC_251023_17,Fall 2023,10/25/2023 1:00,1:00,SW,3.8,2.2,86.5,4.7,53.0,1.6,87.0,5.0,23.0,13.3,0.99,0.08,1.63,0.10,1.64,0.11,1.15,0.71,1.16,13.46,15.52,0.93,1,7.67,75,10.6,7.17,2.283701752
TC_251023_18,Fall 2023,10/25/2023 2:00,2:00,SW,3.0,1.6,70.6,4.0,50.8,1.4,66.0,5.0,23.5,12.9,1.07,0.10,1.39,0.09,1.30,0.11,0.83,0.60,0.78,12.47,14.98,1,0.93,7.61,85,9.1,6.8,2.367544064
TC_251023_19,Fall 2023,10/25/2023 3:00,3:00,SW,3.4,1.7,73.3,4.8,48.1,1.4,82.0,5.0,21.6,10.9,0.89,0.08,1.52,0.11,1.70,0.11,0.92,0.60,1.03,13.19,15.16,1.12,1,7.62,80,9.65,6.83,2.330659443
TC_251023_20,Fall 2023,10/25/2023 4:00,4:00,SW,2.0,1.4,58.8,3.4,45.1,1.3,91.0,5.0,28.9,20.6,0.65,0.05,1.30,0.09,2.02,0.13,1.11,0.85,1.71,16.17,15.62,1.31,1.12,7.9,53,13.27,7.97,1.924032104
TC_251023_21,Fall 2023,10/25/2023 5:00,5:00,SW,3.4,1.8,74.5,4.2,56.0,1.6,98.0,7.0,22.1,12.1,0.76,0.07,1.33,0.09,1.75,0.13,1.45,1.09,1.91,16.83,15.71,1.52,1.31,7.98,51,16.7,8.19,1.890846113
TC_251023_23,Fall 2023,10/25/2023 7:00,7:00,SW,2.8,1.9,77.7,5.3,56.2,1.6,93.0,15.0,28.0,19.2,0.84,0.15,1.38,0.10,1.65,0.27,1.51,1.09,1.81,17,15.81,1.7,1.65,8.03,51,17.1,8.36,1.888364428
TC_251023_24,Fall 2023,10/25/2023 8:00,8:00,SW,4.5,1.9,76.0,10.1,50.1,1.4,98.0,8.0,16.9,7.6,0.78,0.12,1.52,0.21,1.96,0.17,1.48,0.97,1.90,17.07,15.72,1.66,1.7,8.03,52,17.09,8.38,1.881717558
TASKSP24-1,Spring 2024,5/13/2024 8:30,8:30,SW,2.1,1.5,59.0,3.3,30.3,1.0,58.0,4.0,27.5,20.0,1.02,0.09,1.95,0.13,1.91,0.15,0.58,0.30,0.57,6.57,19.24,1.08,falling,7.14,101,5.65,4.79,1.715194069
TASKSP24-2,Spring 2024,5/13/2024 9:30,9:30,SW,2.5,1.5,56.5,3.4,25.1,0.9,56.0,4.0,22.3,13.5,1.01,0.09,2.25,0.16,2.23,0.18,0.55,0.25,0.55,6.19,19.41,1.07,falling,7.21,102,10.3,4.99,1.780113648
TASKSP24-4,Spring 2024,5/13/2024 10:33,10:30,SW,1.7,1.0,56.7,4.0,24.2,0.8,58.0,4.0,32.6,18.4,0.98,0.10,2.35,0.19,2.40,0.18,0.61,0.26,0.63,6.03,19.83,1.16,slack,7.28,92,21.4,5.46,1.821419957
TASKSP24-5,Spring 2024,5/13/2024 11:30,11:30,SW,3.9,1.6,70.6,3.7,26.8,0.9,65.0,4.0,18.2,7.6,1.09,0.09,2.64,0.16,2.43,0.17,0.74,0.28,0.68,6.49,20.77,1.33,rising,7.24,96,10.43,5.9,1.741456133
TASKSP24-6,Spring 2024,5/13/2024 12:30,12:30,SW,2.6,1.8,97.2,6.1,28.9,1.0,87.0,5.0,36.9,25.8,1.12,0.10,3.36,0.24,3.01,0.20,1.11,0.33,1.00,8.39,22.56,1.55,rising,7.38,87,5.17,6.47,1.284831671
TASKSP24-7,Spring 2024,5/13/2024 13:30,13:30,SW,5.4,2.6,96.1,5.0,29.6,1.0,82.0,4.0,17.8,8.6,1.17,0.08,3.24,0.20,2.77,0.17,0.94,0.29,0.81,8.69,23.12,1.67,rising,7.5,102,4.75,6.72,1.295456556
TASKSP24-8,Spring 2024,5/13/2024 14:30,14:30,SW,6.8,2.9,91.9,5.2,27.6,0.9,60.0,4.0,13.4,5.7,1.53,0.13,3.33,0.22,2.17,0.16,0.99,0.30,0.65,8.95,23.61,1.73,rising,7.73,92,6.1,7.04,1.242069377
TASKSP24-9,Spring 2024,5/13/2024 15:30,15:30,SW,8.5,2.7,92.7,6.4,27.9,0.9,85.0,5.0,10.9,3.6,1.09,0.10,3.33,0.25,3.05,0.21,1.05,0.31,0.96,8.99,24.29,1.68,rising,7.57,88,6.4,6.95,1.249462296
TASKSP24-11,Spring 2024,5/13/2024 16:35,16:30,SW,3.0,2.4,93.5,4.8,28.9,1.0,77.0,4.0,31.2,25.3,1.21,0.09,3.24,0.20,2.67,0.16,1.08,0.33,0.89,8.95,24.45,1.57,slack,7.59,86,6.7,6.94,1.255759295
TASKSP24-12,Spring 2024,5/13/2024 17:30,17:30,SW,3.8,2.7,90.6,5.2,27.9,0.9,57.0,3.0,23.6,16.7,1.59,0.12,3.25,0.21,2.04,0.13,1.06,0.33,0.66,8.8,24.82,1.44,falling,7.48,86,7.4,6.86,1.261038708
TASKSP24-13,Spring 2024,5/13/2024 18:30,18:30,SW,0.8,1.0,96.1,4.2,28.1,1.0,66.0,5.0,120.1,155.2,1.46,0.13,3.43,0.19,2.35,0.20,1.06,0.31,0.72,8.53,24.61,1.27,falling,7.38,91,6.6,6.5,1.327594455
TASKSP24-14,Spring 2024,5/13/2024 19:30,19:30,SW,4.9,2.3,72.9,4.3,24.3,0.8,46.0,3.0,14.9,7.2,1.58,0.14,3.00,0.20,1.89,0.14,0.78,0.26,0.50,7.49,24.35,1.15,falling,7.33,93,7.05,6.28,1.53134566
TASKSP24-15,Spring 2024,5/13/2024 20:30,20:30,SW,3.0,1.9,68.0,3.5,23.6,0.8,48.0,3.0,22.9,14.9,1.42,0.11,2.88,0.18,2.03,0.14,0.87,0.30,0.61,6.49,24.45,1.06,falling,7.3,78,8.2,6.38,1.705660769
TASKSP24-16,Spring 2024,5/13/2024 21:30,21:30,SW,2.0,1.9,59.2,2.9,21.2,0.8,38.0,2.0,29.8,28.0,1.56,0.11,2.79,0.17,1.79,0.11,0.58,0.21,0.37,6.07,24.3,1.06,falling,7.34,101,8.8,6.5,1.809900363
TASKSP24-18,Spring 2024,5/13/2024 22:30,22:30,SW,2.2,1.7,53.8,3.0,21.9,0.8,25.0,2.0,24.3,18.3,2.15,0.21,2.46,0.16,1.14,0.10,0.52,0.21,0.24,6.02,23.6,1.13,slack,7.33,104,8.4,5.9,1.805789635
TASKSP24-19,Spring 2024,5/13/2024 23:30,23:30,SW,2.9,2.0,65.4,4.6,23.8,0.9,47.0,2.0,22.6,15.7,1.39,0.11,2.74,0.22,1.97,0.11,0.66,0.24,0.48,6.19,23.9,1.28,rising,7.35,99,8,6.07,1.762770111
TASKSP24-20,Spring 2024,5/14/2024 0:30,0:30,SW,4.9,2.8,99.2,4.9,29.9,1.1,61.0,3.0,20.3,11.7,1.63,0.11,3.32,0.20,2.04,0.12,1.08,0.33,0.67,8.31,23.9,1.46,rising,7.39,92,7.35,6.04,1.378655617
TASKSP24-21,Spring 2024,5/14/2024 1:30,1:30,SW,4.6,3.1,102.4,5.6,28.8,1.0,59.0,4.0,22.3,15.1,1.74,0.15,3.55,0.23,2.05,0.16,0.97,0.27,0.56,8.65,23.79,1.61,rising,7.39,105,7.58,5.79,1.261347318
TASKSP24-22,Spring 2024,5/14/2024 2:30,2:30,SW,2.0,2.1,113.7,4.8,27.2,1.0,69.0,5.0,58.0,61.6,1.65,0.14,4.18,0.24,2.53,0.21,1.22,0.29,0.74,8.84,23.4,1.67,rising,7.49,93,8,6.02,1.288980605
TASKSP24-23,Spring 2024,5/14/2024 3:30,3:30,SW,4.1,2.7,92.4,4.3,28.3,1.1,66.0,4.0,22.5,15.0,1.40,0.11,3.27,0.19,2.33,0.17,0.95,0.29,0.68,9.06,23.5,1.67,rising,7.53,97,9.7,6.43,1.290330124
TASKSP24-25,Spring 2024,5/14/2024 4:30,4:30,SW,5.4,2.7,98.8,7.1,32.4,1.2,64.0,4.0,18.1,9.1,1.54,0.15,3.05,0.24,1.97,0.14,1.14,0.37,0.74,9.17,23.6,1.61,slack,7.5,87,12,6.12,1.275966157
TASKSP24-26,Spring 2024,5/14/2024 5:30,5:30,SW,4.5,3.1,101.9,5.6,29.1,1.1,66.0,3.0,22.7,15.9,1.54,0.11,3.50,0.23,2.27,0.13,1.21,0.35,0.78,8.96,23.5,1.5,falling,7.46,84,8.1,5.73,1.288272711
TASKSP24-27,Spring 2024,5/14/2024 6:30,6:30,SW,6.2,3.2,102.3,6.2,32.5,1.2,39.0,3.0,16.4,8.3,2.62,0.26,3.15,0.22,1.20,0.10,1.11,0.35,0.42,8.75,23.4,1.35,falling,7.39,92,6.4,5.42,1.277579095
TASKSP24-28,Spring 2024,5/14/2024 7:30,7:30,SW,4.4,3.1,85.7,4.7,30.7,1.1,61.0,3.0,19.5,13.9,1.40,0.10,2.79,0.18,1.99,0.12,0.83,0.30,0.59,8.41,23.4,1.2,falling,7.31,103,5.7,5.16,1.305679454
TASK01,Summer 2024,8/13/2024 9:19,9:20,SW,2.4,1.7,64.7,3.1,23.8,0.8,67.0,5.0,26.5,18.5,0.97,0.09,2.72,0.16,2.81,0.23,0.45,0.17,0.47,29.17,29.17,,falling,7.72,143,18.8,4.95,2.169215025
TASK02,Summer 2024,8/13/2024 10:20,10:20,SW,3.4,1.6,58.4,2.9,27.0,0.9,73.0,5.0,17.2,8.0,0.80,0.07,2.16,0.13,2.70,0.21,0.37,0.17,0.46,29.17,29.17,,falling,7.73,160,28.52,5.04,2.470464439
TASK03,Summer 2024,8/13/2024 11:20,11:20,SW,3.6,1.8,65.0,4.1,26.0,0.9,69.0,6.0,18.2,9.0,0.94,0.10,2.50,0.18,2.66,0.25,0.44,0.17,0.46,29.48,29.48,,falling,7.76,149,30.02,5,2.493419154
TASK05,Summer 2024,8/13/2024 12:19,12:20,SW,3.1,1.7,60.7,3.2,23.7,0.8,87.0,6.0,19.8,10.9,0.70,0.06,2.56,0.16,3.68,0.29,0.39,0.15,0.56,30,30,,slack,7.94,156,25.08,6.45,2.332472083
TASK06,Summer 2024,8/13/2024 13:20,13:20,SW,,,59.7,4.9,27.3,0.8,80.0,8.0,,,0.75,0.10,2.19,0.19,2.93,0.31,0.60,0.27,0.80,31.33,31.33,,rising,8.29,100,28.04,8.82,1.930374865
TASK07,Summer 2024,8/13/2024 14:21,14:20,SW,2.2,1.7,59.7,3.0,26.7,0.9,86.0,5.0,27.3,21.1,0.69,0.05,2.23,0.14,3.22,0.22,0.83,0.37,1.19,32.35,32.35,,rising,8.48,72,25.1,9.7,1.775045182
TASK08,Summer 2024,8/13/2024 15:20,15:20,SW,1.9,1.9,68.0,3.8,27.5,2.0,54.0,4.0,36.1,36.4,1.26,0.12,2.47,0.22,1.96,0.20,0.77,0.31,0.61,31.9,31.9,,rising,8.57,88,24.5,9.88,1.645126803
TASK09,Summer 2024,8/13/2024 16:20,16:20,SW,2.8,1.7,61.2,3.5,24.0,0.9,88.0,6.0,21.9,13.5,0.70,0.06,2.55,0.17,3.66,0.28,1.00,0.39,1.44,31.96,31.96,,rising,8.65,61,24.89,10.74,1.677838655
TASK10,Summer 2024,8/13/2024 17:21,17:20,SW,3.1,1.6,58.4,2.9,26.4,0.9,74.0,5.0,18.9,9.8,0.79,0.07,2.21,0.13,2.81,0.21,0.75,0.34,0.95,31.98,31.98,,high slack,8.68,78,24.41,10.96,1.6680354
TASK12,Summer 2024,8/13/2024 18:21,18:20,SW,3.6,1.7,62.1,3.0,25.4,0.9,83.0,5.0,17.3,8.2,0.75,0.06,2.45,0.15,3.27,0.23,1.03,0.42,1.37,31.87,31.87,,falling,8.62,60,23.55,10.75,1.66335829
TASK13,Summer 2024,8/13/2024 19:20,19:20,SW,4.4,1.8,64.5,4.1,22.1,0.8,80.0,6.0,14.8,6.3,0.81,0.08,2.91,0.22,3.61,0.30,0.95,0.33,1.18,31.77,31.77,,falling,8.56,68,24.17,10.07,1.66203344
TASK14,Summer 2024,8/13/2024 20:20,20:20,SW,2.9,1.6,56.3,3.0,26.0,0.9,83.0,5.0,19.7,11.0,0.68,0.05,2.16,0.14,3.19,0.22,0.84,0.39,1.23,31.67,31.67,,falling,8.65,67,27.09,9.17,1.766341711
TASK15,Summer 2024,8/13/2024 21:20,21:20,SW,2.2,1.9,69.4,5.4,27.5,1.0,80.0,7.0,31.2,27.1,0.87,0.10,2.52,0.21,2.91,0.27,0.89,0.35,1.03,31.32,31.32,,falling,8.24,78,26.2,8.44,1.901775689
TASK16,Summer 2024,8/13/2024 22:20,22:20,SW,3.3,1.8,66.1,2.6,24.9,0.8,76.0,4.0,20.2,11.3,0.87,0.06,2.65,0.13,3.05,0.19,0.74,0.28,0.85,30.67,30.67,,falling,8.23,89,21.7,7.93,2.06914765
TASK17,Summer 2024,8/13/2024 23:20,23:20,SW,3.5,1.9,68.0,3.2,21.8,0.7,41.0,3.0,19.4,10.3,1.66,0.14,3.12,0.18,1.88,0.15,0.65,0.21,0.39,29.87,29.87,,falling,8.14,105,17.5,7.47,2.055518659
TASK18,Summer 2024,8/14/2024 0:10,0:20,SW,2.4,1.7,63.1,3.1,23.0,0.7,64.0,4.0,25.8,18.2,0.99,0.08,2.74,0.16,2.78,0.20,0.44,0.16,0.45,29.38,29.38,,falling,8.08,143,17.8,7.31,2.407230196
TASK20,Summer 2024,8/14/2024 1:20,1:20,SW,4.4,1.7,65.1,3.3,24.7,0.8,73.0,4.0,14.7,5.7,0.89,0.07,2.64,0.16,2.96,0.19,0.44,0.17,0.49,29.14,29.14,,rising,7.91,148,16.8,5.94,2.198919093
TASK21,Summer 2024,8/14/2024 2:20,2:20,SW,3.1,1.7,63.4,3.1,25.4,0.8,83.0,5.0,20.7,11.3,0.76,0.06,2.50,0.15,3.27,0.22,0.76,0.30,0.99,29.21,29.21,,rising,8.04,84,17.1,6.75,1.827842406
TASK23,Summer 2024,8/14/2024 4:20,4:20,SW,2.8,1.7,62.7,4.0,24.6,0.7,83.0,6.0,22.3,13.2,0.76,0.07,2.55,0.18,3.38,0.27,0.82,0.32,1.08,28.36,28.36,,rising,8.2,77,21.4,6.59,1.668990171
TASK24,Summer 2024,8/14/2024 5:20,5:20,SW,3.0,1.3,47.4,2.8,21.1,0.7,82.0,5.0,15.6,6.8,0.58,0.05,2.24,0.15,3.88,0.27,0.51,0.23,0.89,28.13,28.13,,rising,8.19,92,22.3,6.39,1.652377138
TASK26,Summer 2024,8/14/2024 6:20,6:20,SW,3.2,1.6,61.4,4.8,23.5,0.8,72.0,6.0,19.4,10.2,0.85,0.10,2.61,0.22,3.06,0.27,0.81,0.31,0.95,27.36,27.36,,high slack,8.08,75,16.4,6.44,1.741507382
TASK27,Summer 2024,8/14/2024 7:20,7:20,SW,3.0,1.7,65.7,2.7,28.9,1.0,80.0,4.0,22.2,13.1,0.82,0.05,2.27,0.12,2.77,0.17,0.69,0.31,0.85,27.64,27.64,,falling,8.05,95,17.6,6.3,1.821707594
TASK28,Summer 2024,8/14/2024 8:20,8:20,SW,2.1,1.6,61.1,3.1,23.8,0.9,49.0,3.0,28.9,22.3,1.25,0.10,2.56,0.16,2.06,0.15,0.68,0.27,0.55,28.07,28.07,,falling,8.03,90,18.2,6.36,2.025118462
TASK_1,Fall 2024,10/23/2024 9:00,9:00,SW,5.7,2.5,79.9,6.0,36.7,1.2,80.9,5.3,13.9,6.2,0.99,0.10,2.18,0.18,2.21,0.16,0.88,0.40,0.89,8.48,17.57,0.94,falling,8.61,91,10.15,7.15,2.443576689
TASK_2,Fall 2024,10/23/2024 10:00,10:00,SW,4.4,2.3,78.9,5.2,35.3,1.2,84.6,5.6,17.8,9.5,0.93,0.09,2.23,0.17,2.40,0.18,0.85,0.38,0.92,8.48,17.54,1.01,falling,8.72,92,10.14,7.09,2.527712534
TASK_3,Fall 2024,10/23/2024 11:00,11:00,SW,3.2,2.5,81.8,6.4,33.5,1.2,89.0,5.7,26.0,20.8,0.92,0.09,2.44,0.21,2.65,0.19,0.98,0.40,1.07,10.03,18.04,1.14,rising,8.9,83,10.98,7.67,2.270802709
TASK_4,Fall 2024,10/23/2024 12:00,12:00,SW,4.0,2.8,88.7,5.8,36.5,1.2,90.3,4.8,22.4,15.9,0.98,0.08,2.43,0.18,2.48,0.15,1.27,0.52,1.29,11.4,19.48,1.33,rising,8.54,70,9.85,8.54,1.91002512
TASK_5,Fall 2024,10/23/2024 13:00,13:00,SW,2.8,2.8,92.1,7.0,40.4,1.3,105.6,6.0,32.4,32.1,0.87,0.08,2.28,0.19,2.62,0.17,1.49,0.65,1.71,13.38,20.16,1.52,rising,9.48,62,10.48,9.45,1.761332554
TASK_6,Fall 2024,10/23/2024 14:00,14:00,SW,3.4,2.6,95.4,7.0,39.4,1.3,109.4,8.5,28.2,21.7,0.87,0.09,2.42,0.20,2.77,0.24,1.89,0.78,2.17,13.7,20.58,1.66,rising,9.62,50,11.9,9.79,1.730225417
TASK_7,Fall 2024,10/23/2024 15:00,15:00,SW,5.7,2.7,99.1,6.2,36.3,1.2,110.2,5.1,17.4,8.2,0.90,0.07,2.73,0.19,3.03,0.17,1.57,0.58,1.75,13.9,20.76,1.71,rising,9.3,63,14.32,10.18,1.762276827
TASK_8,Fall 2024,10/23/2024 16:00,16:00,SW,3.7,2.4,97.0,7.1,41.6,1.5,90.1,8.3,25.9,17.0,1.08,0.13,2.33,0.19,2.17,0.21,1.71,0.74,1.59,14.18,20.82,1.68,rising,9.45,57,18.7,10.82,1.742421175
TASK_9,Fall 2024,10/23/2024 17:00,17:00,SW,4.4,2.5,94.7,5.8,42.3,1.5,100.0,7.1,21.7,12.6,0.95,0.09,2.24,0.16,2.36,0.19,1.68,0.75,1.78,14.26,20.88,1.58,high slack,8.35,56,19.36,10.83,1.741700318
TASK_10,Fall 2024,10/23/2024 18:00,18:00,SW,3.9,2.8,99.0,7.2,35.6,1.3,114.4,7.9,25.2,18.0,0.86,0.09,2.78,0.23,3.21,0.25,2.00,0.72,2.31,14.05,20.86,1.44,falling,9.11,50,15.74,10.16,1.762451077
TASK_11,Fall 2024,10/23/2024 19:00,19:00,SW,4.9,2.8,104.0,6.8,43.5,1.5,117.5,8.2,21.1,11.9,0.88,0.09,2.39,0.18,2.70,0.21,1.30,0.54,1.47,13.84,20.72,1.29,falling,9.11,80,14.08,9.69,1.770483917
TASK_12,Fall 2024,10/23/2024 20:00,20:00,SW,3.7,2.6,92.1,6.0,41.1,1.5,103.0,7.3,24.9,17.3,0.89,0.09,2.24,0.17,2.51,0.20,0.97,0.43,1.08,13.08,20.26,1.16,falling,9.08,95,13.13,9,1.922092237
TASK_13,Fall 2024,10/23/2024 21:00,21:00,SW,7.4,2.7,91.2,6.3,35.1,1.3,94.2,6.0,12.4,4.5,0.97,0.09,2.60,0.20,2.69,0.20,1.24,0.48,1.29,11.69,19.67,1.06,falling,8.84,73,13.75,8.28,2.139072247
TASK_14,Fall 2024,10/23/2024 22:00,22:00,SW,5.7,2.5,81.7,6.9,39.7,1.4,72.8,5.4,14.3,6.4,1.12,0.13,2.06,0.19,1.84,0.15,1.15,0.56,1.02,10.51,19.24,1.04,falling,8.33,71,12.52,7.79,2.360996935
TASK_15,Fall 2024,10/23/2024 23:00,23:00,SW,3.2,2.3,80.1,5.7,38.6,1.3,86.1,7.4,25.2,18.1,0.93,0.10,2.08,0.16,2.23,0.21,0.99,0.48,1.07,9.81,18.96,1.08,falling,8.37,81,10.82,7.46,2.433671473
TASK_16,Fall 2024,10/24/2024 0:00,0:00,SW,4.2,2.4,87.0,7.1,36.5,1.3,94.3,5.3,20.8,11.8,0.92,0.09,2.38,0.21,2.58,0.17,1.01,0.43,1.10,10.26,18.94,1.2,rising,8.39,86,13.33,7.57,2.473053546
TASK_17,Fall 2024,10/24/2024 1:00,1:00,SW,5.6,2.6,89.1,6.1,39.3,1.2,102.7,8.5,16.0,7.5,0.87,0.09,2.27,0.17,2.61,0.23,1.35,0.60,1.56,11.99,19.237,1.36,rising,8.35,66,11.46,7.84,2.031975371
TASK_18,Fall 2024,10/24/2024 2:00,2:00,SW,4.1,2.8,92.4,7.2,41.2,1.3,108.4,5.7,22.4,15.2,0.85,0.08,2.24,0.19,2.63,0.16,1.75,0.78,2.05,14.05,19.29,1.53,rising,8.6,53,14.25,8.1,1.730743255
TASK_19,Fall 2024,10/24/2024 3:00,3:00,SW,3.3,2.3,82.7,6.2,38.5,1.3,93.9,7.5,24.9,17.7,0.88,0.10,2.15,0.18,2.44,0.21,1.61,0.75,1.83,14.17,19.39,1.62,rising,8.71,51,13.4,8.16,1.717306517
TASK_20,Fall 2024,10/24/2024 4:00,4:00,SW,3.0,2.6,91.2,6.3,37.8,1.2,110.7,6.7,30.0,26.0,0.82,0.08,2.42,0.18,2.93,0.20,1.89,0.78,2.30,14.18,19.5,1.63,rising,8.97,48,15.65,8.29,1.658047205
TASK_21,Fall 2024,10/24/2024 5:00,5:00,SW,5.0,3.0,101.7,7.4,39.3,1.3,108.8,6.9,20.2,12.1,0.93,0.09,2.59,0.21,2.77,0.20,2.25,0.87,2.41,14.19,19.47,1.56,rising,8.71,45,18.68,8.3,1.670739763
TASK_22,Fall 2024,10/24/2024 6:00,6:00,SW,4.5,2.4,84.6,6.8,35.7,1.1,106.1,6.3,18.6,10.1,0.80,0.08,2.37,0.21,2.97,0.20,1.84,0.77,2.30,14.18,19.33,1.44,falling,8.66,46,14.1,8,1.680366265
TASK_23,Fall 2024,10/24/2024 7:00,7:00,SW,3.8,2.4,87.8,6.2,37.7,1.2,118.7,9.2,23.3,14.8,0.74,0.08,2.33,0.18,3.15,0.26,1.78,0.76,2.40,14.08,19.11,1.32,falling,8.89,49,11.77,7.79,1.739638368
TASK_24,Fall 2024,10/24/2024 8:00,8:00,SW,3.3,2.3,89.6,7.3,37.9,1.2,95.2,4.5,27.4,19.2,0.94,0.09,2.36,0.21,2.51,0.14,1.69,0.71,1.79,13.31,18.85,1.2,falling,8.77,53,10.53,7.5,1.886001976
TASK_01,Winter 2025,2/18/2025 8:11,8:05,SW,0.6,0.4,14.7,1.2,11.9,0.4,15.8,3.1,25.7,20.3,0.93,0.20,1.24,0.11,1.33,0.27,0.17,0.14,0.18,1.79,8.46,0.65,falling,7.44,87,4.26,10.14,1.142486326
TASK_02,Winter 2025,2/18/2025 9:05,9:05,SW,0.7,0.4,10.5,1.0,10.2,0.4,14.1,2.6,15.1,8.0,0.74,0.15,1.03,0.10,1.39,0.26,0.11,0.10,0.14,1.9,5.36,0.65,falling,7.2,99,3.46,10.59,1.10439412
TASK_03,Winter 2025,2/18/2025 10:07,10:05,SW,0.8,0.4,13.1,1.0,10.0,0.3,15.1,2.8,15.4,7.5,0.87,0.17,1.31,0.11,1.51,0.28,0.13,0.10,0.15,1.55,5.45,0.64,falling,7.11,98,1.9,10.63,0.959268467
TASK_04,Winter 2025,2/18/2025 11:07,11:05,SW,1.2,0.4,14.3,0.9,8.2,0.3,17.3,2.9,12.1,4.5,0.83,0.15,1.74,0.13,2.11,0.36,0.16,0.09,0.19,1.52,5.75,0.66,rising,7.21,90,1.93,10.69,1.111383391
TASK_05,Winter 2025,2/18/2025 12:06,12:05,SW,1.0,0.6,21.0,1.7,11.4,0.4,14.4,3.0,20.8,13.2,1.45,0.32,1.84,0.16,1.27,0.26,0.27,0.15,0.19,5.37,7.25,0.84,rising,7.84,76,5.22,12.95,0.992551266
TASK_06,Winter 2025,2/18/2025 13:05,13:05,SW,0.8,0.5,17.1,1.3,10.3,0.4,24.2,3.3,21.0,13.7,0.71,0.11,1.66,0.14,2.35,0.33,0.20,0.12,0.29,5.82,7.26,1,rising,8.17,84,6.7,13.56,0.819336488
TASK_07,Winter 2025,2/18/2025 14:09,14:05,SW,0.6,0.3,10.8,1.6,10.5,0.4,17.4,3.0,17.3,8.8,0.62,0.14,1.03,0.16,1.66,0.29,0.14,0.14,0.23,5.56,7.48,1.11,rising,8.37,77,42.53,14.77,0.758388641
TASK_08,Winter 2025,2/18/2025 15:05,15:05,SW,0.6,0.3,13.1,1.5,8.5,0.3,18.3,3.3,22.7,12.8,0.72,0.15,1.54,0.19,2.15,0.40,0.16,0.10,0.22,5.64,7.47,1.1,rising,8.31,84,12.37,14.24,0.810466853
TASK_09,Winter 2025,2/18/2025 16:06,16:05,SW,0.8,0.4,17.0,1.9,8.6,0.3,19.4,2.9,22.2,10.9,0.88,0.16,1.97,0.23,2.24,0.35,0.21,0.11,0.24,5.72,7.96,0.96,falling,8.03,80,7.25,13.43,0.947561846
TASK_10,Winter 2025,2/18/2025 17:07,17:05,SW,0.7,0.3,13.2,1.4,8.3,0.4,17.1,2.1,18.7,8.3,0.77,0.13,1.59,0.18,2.05,0.26,0.15,0.10,0.20,4.79,7.46,0.82,falling,7.7,86,4.14,12.41,1.018379831
TASK_11,Winter 2025,2/18/2025 18:06,18:05,SW,0.8,0.6,17.9,1.5,9.1,0.4,14.7,1.6,21.7,14.7,1.22,0.17,1.96,0.19,1.61,0.19,0.20,0.10,0.16,3.27,7.35,0.71,falling,7.41,92,2.93,11.38,1.186673109
TASK_12,Winter 2025,2/18/2025 19:07,19:05,SW,0.4,0.5,16.6,1.3,9.6,0.4,16.3,1.7,37.0,41.5,1.02,0.13,1.72,0.15,1.69,0.19,0.18,0.11,0.18,2.88,7.36,0.67,falling,7.35,92,2.25,11.07,1.173459262
TASK_SW_01,Spring 2025,5/19/2025 9:03,9:00,SW,3.3,2.0,79.7,5.1,27.5,0.9,58.6,6.4,24.1,14.4,1.36,0.17,2.90,0.21,2.13,0.24,0.65,0.22,0.47,6.33,23.489,0.82,falling,7.18,124,6.24,4.05,1.795385936
TASK_SW_02,Spring 2025,5/19/2025 10:04,10:00,SW,3.4,1.9,74.7,4.9,27.5,0.9,61.9,5.6,22.2,12.3,1.21,0.13,2.72,0.20,2.25,0.22,0.62,0.23,0.51,5.38,23.719,0.84,falling,7.19,121,6.02,3.99,1.822811702
TASK_SW_03,Spring 2025,5/19/2025 11:04,11:00,SW,2.0,1.9,75.2,5.1,29.4,0.9,59.5,5.6,37.5,35.0,1.26,0.15,2.55,0.19,2.02,0.20,0.60,0.23,0.47,5.56,23.8,0.93,falling,7.21,126,9.28,3.93,1.845201692
TASK_SW_04,Spring 2025,5/19/2025 12:03,12:00,SW,4.1,2.1,81.7,5.9,24.4,0.8,69.7,6.1,19.7,9.9,1.17,0.13,3.34,0.26,2.85,0.27,0.74,0.22,0.63,6.83,23.87,1.04,rising,7.21,111,7.78,4.31,1.703657337
TASK_SW_05,Spring 2025,5/19/2025 13:03,13:00,SW,3.4,1.7,66.5,5.6,21.6,0.7,51.8,5.2,19.4,9.8,1.28,0.17,3.08,0.28,2.40,0.25,0.98,0.32,0.76,8.35,26.56,1.21,rising,7.72,68,16.06,8.72,1.172801943
TASK_SW_06,Spring 2025,5/19/2025 14:05,14:00,SW,2.1,1.7,65.8,4.6,22.4,0.7,46.0,4.6,30.9,24.4,1.43,0.18,2.94,0.23,2.05,0.22,1.03,0.35,0.72,9.2,26.42,1.35,rising,8.09,64,24.87,9.93,1.149291568
TASK_SW_07,Spring 2025,5/19/2025 15:00,15:00,SW,4.4,1.9,73.2,5.1,22.3,0.7,60.0,5.7,16.8,7.5,1.22,0.14,3.27,0.25,2.69,0.27,1.10,0.33,0.90,8.99,26.86,1.45,rising,8.1,67,30.97,10.22,1.207220944
TASK_SW_08,Spring 2025,5/19/2025 16:00,16:00,SW,2.6,2.1,77.5,5.8,23.4,0.8,74.7,9.7,30.2,24.5,1.04,0.16,3.32,0.28,3.20,0.43,1.18,0.36,1.14,8.93,26.572,1.41,rising,8.13,66,21.03,10.41,1.159763158
TASK_SW_09,Spring 2025,5/19/2025 17:00,17:00,SW,2.1,1.7,63.3,5.0,19.5,0.7,40.0,4.8,30.1,23.8,1.58,0.23,3.24,0.28,2.05,0.25,0.91,0.28,0.58,8.95,26.79,1.29,falling,8.18,69,25.17,10.6,1.165483037
TASK_SW_10,Spring 2025,5/19/2025 18:00,18:00,SW,2.6,1.6,61.0,4.1,20.4,0.7,46.7,5.6,23.1,14.2,1.31,0.18,3.00,0.23,2.29,0.28,1.01,0.34,0.77,9.1,26.908,1.15,falling,8.05,61,25.63,10.11,1.133340485
TASK_SW_11,Spring 2025,5/19/2025 19:00,19:00,SW,1.8,1.7,65.1,4.0,19.4,0.7,55.9,4.6,35.3,31.9,1.17,0.12,3.35,0.24,2.88,0.25,0.81,0.24,0.70,8.54,26.655,1,falling,7.9,80,21.83,9.42,1.281399253
TASK_SW_12,Spring 2025,5/19/2025 20:00,20:00,SW,1.5,1.6,61.8,3.7,21.2,0.7,47.9,4.3,42.0,44.4,1.29,0.14,2.91,0.20,2.25,0.21,0.65,0.22,0.50,7.39,26.23,0.9,falling,7.54,95,14.66,7.62,1.516721545
TASK_SW_13,Spring 2025,5/19/2025 21:00,21:00,SW,2.0,1.7,74.4,6.2,23.6,0.8,67.7,5.3,36.4,31.2,1.10,0.13,3.15,0.28,2.87,0.24,0.69,0.22,0.63,6.26,25.617,0.84,falling,7.37,108,10.92,5.77,1.649423513
TASK_SW_14,Spring 2025,5/19/2025 22:00,22:00,SW,2.1,1.7,69.9,4.9,23.7,0.8,58.7,4.7,32.8,25.5,1.19,0.13,2.95,0.23,2.48,0.22,0.81,0.27,0.68,5.11,25.035,0.87,falling,7.32,86,8.39,4.72,2.031641715
TASK_SW_15,Spring 2025,5/19/2025 23:00,23:00,SW,2.2,1.6,68.5,4.8,23.6,0.8,61.2,4.3,30.9,23.0,1.12,0.11,2.90,0.23,2.59,0.20,0.55,0.19,0.49,5.12,24.639,0.96,rising,7.3,124,7.79,4.49,1.865181972
TASK_SW_16,Spring 2025,5/20/2025 0:00,0:00,SW,2.6,1.6,64.5,4.8,20.7,0.7,56.2,4.2,24.7,15.0,1.15,0.12,3.11,0.25,2.72,0.22,0.70,0.22,0.61,6.39,24.885,1.12,rising,7.35,93,9.05,5.58,1.527003843
TASK_SW_17,Spring 2025,5/20/2025 1:00,1:00,SW,2.2,1.5,61.2,4.8,18.8,0.7,41.0,4.5,27.5,18.7,1.49,0.20,3.26,0.28,2.18,0.25,0.78,0.24,0.52,8.51,23.47,1.29,rising,7.68,79,16,7.65,1.236457506
TASK_SW_18,Spring 2025,5/20/2025 2:00,2:00,SW,2.8,1.7,67.8,4.0,21.0,0.7,59.7,3.5,24.5,14.9,1.14,0.09,3.23,0.22,2.84,0.19,0.88,0.27,0.77,8.48,23.587,1.43,rising,7.59,77,18.53,7.16,1.250807621
TASK_SW_19,Spring 2025,5/20/2025 3:00,3:00,SW,1.6,1.5,61.8,4.0,18.1,0.6,48.7,5.6,38.0,35.5,1.27,0.17,3.42,0.25,2.70,0.32,0.79,0.23,0.62,8.83,23.333,1.53,rising,7.78,78,21.91,7.96,1.165393329
TASK_SW_20,Spring 2025,5/20/2025 4:00,4:00,SW,3.3,1.6,63.3,3.9,17.4,0.6,53.3,4.7,19.2,9.2,1.19,0.13,3.65,0.26,3.07,0.29,0.98,0.27,0.83,8.88,23.107,1.53,rising,7.73,64,18.82,7.71,1.160431046
TASK_SW_21,Spring 2025,5/20/2025 5:00,5:00,SW,3.5,1.6,66.8,5.6,19.4,0.6,58.4,5.2,19.0,9.0,1.14,0.14,3.45,0.31,3.02,0.28,0.96,0.28,0.84,9,22.71,1.46,falling,7.69,70,24.93,7.34,1.175445518
TASK_SW_22,Spring 2025,5/20/2025 6:00,6:00,SW,2.4,1.5,62.1,4.2,16.3,0.6,48.0,4.6,25.7,16.0,1.29,0.15,3.80,0.29,2.94,0.30,0.90,0.24,0.70,8.89,22.729,1.33,falling,7.67,69,20.33,7.47,1.164058775
TASK_SW_23,Spring 2025,5/20/2025 7:00,7:00,SW,2.0,1.7,68.9,4.6,20.9,0.7,53.6,4.8,33.7,27.4,1.28,0.14,3.30,0.25,2.57,0.25,0.98,0.30,0.76,8.8,22.787,1.18,falling,7.6,70,16.98,7.22,1.179635915
TASK_SW_24,Spring 2025,5/20/2025 8:00,8:00,SW,3.2,1.8,75.1,5.2,21.8,0.7,50.7,4.8,23.3,13.3,1.48,0.17,3.44,0.26,2.32,0.23,0.95,0.28,0.64,8.37,22.673,1.04,falling,7.46,79,15.04,6.45,1.301627885
TASK_GW1,Fall 2024,10/24/2024 11:20,11:20,PW,16.7,7.1,239.3,17.6,49.9,1.6,218.7,18.5,14.3,6.2,1.09,0.12,4.79,0.38,4.38,0.39,0.50,0.10,0.46,17.25,22.21,,,6.55,478,,,14.82627367
TASK_GW2,Fall 2024,10/24/2024 10:40,10:40,PW,12.2,6.1,214.6,13.6,47.7,1.5,214.5,13.6,17.6,8.9,1.00,0.09,4.50,0.32,4.50,0.32,0.64,0.14,0.64,16.32,17.51,,,3.47,335,,,6.768080061
TASK_PW1,Fall 2024,10/24/2024 13:10,13:10,GW,8.4,2.6,90.3,6.4,153.0,2.9,92.9,5.4,10.7,3.5,0.97,0.09,0.59,0.04,0.61,0.04,0.57,0.97,0.59,7.67,20.04,,,6.71,157,,1.8,2.685973453
TASK_PW2,Fall 2024,10/24/2024 14:30,14:30,GW,1.6,1.6,47.2,3.1,50.9,1.7,54.9,3.8,30.3,31.9,0.86,0.08,0.93,0.07,1.08,0.08,0.18,0.19,0.21,1,20.89,,,6.81,267,,4.2,
TASK_20_PW,Winter 2025,2/18/2025 10:20,10:20,GW,19.2,7.7,251.5,21.0,206.5,7.2,212.6,15.2,13.1,5.4,1.18,0.13,1.22,0.11,1.03,0.08,,,,1.88,5.58,,falling,5.97,,0.51,7.32,0.953065361
TASK_22_PW,Winter 2025,2/18/2025 13:53,13:53,GW,11.9,5.9,184.1,14.1,184.1,9.6,190.4,19.7,15.5,7.7,0.97,0.12,1.00,0.09,1.03,0.12,,,,1.78,,,rising,6.45,,0.43,8.75,1.51625641
TASK_PW_01,Spring 2025,5/19/2025 12:50,12:50,GW,8.5,5.1,198.2,16.0,181.0,5.3,203.2,11.1,23.4,14.2,0.98,0.10,1.09,0.09,1.12,0.07,0.96,0.87,0.98,,22,,,6.38,207,,,3.295482156
